John Smith,active:Emily Davis, pending:Michael Johnson
Emily Davis,active:John Smith, pending:Sophia Brown
Michael Johnson,pending:John Smith
Sophia Brown,pending:Emily Davis, active:Daniel Wilson
Daniel Wilson,active:Sophia Brown
Olivia Martin,active:James Garcia
James Garcia,active:Olivia Martin, pending:Isabella Taylor
Isabella Taylor,pending:James Garcia
Benjamin Anderson,active:Mia Thomas
Mia Thomas,active:Benjamin Anderson, pending:William Moore
William Moore,pending:Mia Thomas
Ava Jackson,
Alexander Lee,active:Charlotte White
Charlotte White,active:Alexander Lee
Henry Harris,pending:Amelia Walker
Amelia Walker,pending:Henry Harris
Matthew Hall,active:Emma Young, pending:Lucas Allen
Emma Young,active:Matthew Hall
Lucas Allen,pending:Matthew Hall
Evelyn Scott,
