John Smith,acmZRDvA,New York,2024-05-23T11:57:25
Emily Davis,%%FKU0PYb47,Los Angeles,2024-05-23T11:57:26
Michael Johnson,u0BoUoRRcIJ#,Chicago,2024-05-23T11:57:27
Sophia Brown,Yjn90oFIHR2F01,Houston,2024-05-23T11:57:28
Daniel Wilson,&wB2LxacAp0Oe,Phoenix,2024-05-23T11:57:29
Olivia Martin,HO49TCPcg^f1Un,Philadelphia,2024-05-23T11:57:30
James Garcia,kEg*lLz36U#f2tH,San Antonio,2024-05-23T11:57:31
Isabella Taylor,hZ3w5CFCNwuAN^kq,San Diego,2024-05-23T11:57:32
Benjamin Anderson,RJjRnFcSq,Dallas,2024-05-23T11:57:33
Mia Thomas,^UAOeoGFcl2,San Jose,2024-05-23T11:57:34
William Moore,IDxgEayA22Hzdxc,Austin,2024-05-23T11:57:35
Ava Jackson,m2XCCJAXmlbu0,Jacksonville,2024-05-23T11:57:36
Alexander Lee,32pWNiO7P,Fort Worth,2024-05-23T11:57:37
Charlotte White,Hc%$YF2Hi9#6q,Columbus,2024-05-23T11:57:38
Henry Harris,wa@nUfoZb*,Charlotte,2024-05-23T11:57:39
Amelia Walker,Efm!W27Jghv,San Francisco,2024-05-23T11:57:40
Matthew Hall,ZfHk!HwSgz1#f!j,Indianapolis,2024-05-23T11:57:41
Emma Young,eQEcgn9nw&j&I1Mp,Seattle,2024-05-23T11:57:42
Lucas Allen,O@73xZ5WZ$k6phM,Denver,2024-05-23T11:57:43
Evelyn Scott,*TJwXVxLKjjDKOe,Washington,2024-05-23T11:57:44
