Alexander Lee,active:Charlotte White
Amelia Walker,pending:Henry Harris
Ava Jackson,
Benjamin Anderson,active:Mia Thomas
Charlotte White,active:Alexander Lee
Daniel Wilson,active:Sophia Brown
Emily Davis,active:John Smith,pending:Sophia Brown
Emma Young,active:Matthew Hall
Evelyn Scott,
Henry Harris,pending:Amelia Walker
Isabella Taylor,pending:James Garcia
James Garcia,pending:Isabella Taylor,active:Olivia Martin
John Smith,active:Emily Davis,pending:Michael Johnson
Lucas Allen,pending:Matthew Hall
Matthew Hall,active:Emma Young,pending:Lucas Allen
Mia Thomas,active:Benjamin Anderson,pending:William Moore
Michael Johnson,pending:John Smith
Olivia Martin,active:James Garcia
Sophia Brown,active:Daniel Wilson,pending:Emily Davis
William Moore,pending:Mia Thomas
